Page Name,Internal Links,Page Order,Page Type,SEO Description,SEO Keywords,SEO Title,Status,URL Slug
Home,"/about, /aircraft-ceramic-coating, /aircraft-interior-detailing, /aircraft-exterior-detailing, /brightwork-polishing, /de-ice-boot-refurbishment, /aog-emergency-cleaning, /corporate-jet-detailing, /turboprop-aircraft-detailing, /piston-aircraft-detailing, /aircraft-detailing-teterboro, /aircraft-detailing-morristown, /aircraft-detailing-allentown, /aircraft-detailing-white-plains, {{custom_values.quote_page_link}}",1,Core,"Certified aircraft detailing at KTEB, KMMU, KABE, and KHPN. OEM-approved chemistry, $200K/$1.5M insurance, ADA-certified team. Serving the Northeast.","private jet detailing, aircraft detailing new jersey, aircraft detailing teterboro, aircraft ceramic coating, aog emergency aircraft cleaning, aircraft detailing kmmu, aircraft detailing kteb, private aviation detailing","Private Jet Detailing at Teterboro, Morristown, Allentown & White Plains",Ready for Build,/
About,"/aircraft-ceramic-coating, /aircraft-interior-detailing, /aog-emergency-cleaning, {{custom_values.quote_page_link}}",2,Core,"Meet the JetSpa team. Certified aircraft detailing specialists serving Teterboro, Morristown, Allentown, and White Plains with insured, OEM-approved care.","about jetspa, aircraft detailing team, private jet detailing new jersey, aircraft detailing specialists, certified aircraft detailers, jet detailing teterboro, aircraft detailing morristown",About JetSpa | Private Jet Detailing Team in NJ & NY,Ready for Build,/about
Aircraft Ceramic Coating,"/aircraft-exterior-detailing, /brightwork-polishing, /corporate-jet-detailing, /aircraft-detailing-teterboro, /aircraft-detailing-morristown, {{custom_values.quote_page_link}}",3,Service,"OEM-approved aircraft ceramic coating with 1, 2, and 5 year warranty options. Certified application at Teterboro, Morristown, Allentown, and White Plains.","aircraft ceramic coating, private jet ceramic coating, gulfstream ceramic coating, aircraft paint protection, aircraft ceramic coating new jersey, aircraft ceramic coating teterboro, oem approved ceramic coating","Aircraft Ceramic Coating at KTEB, KMMU, KABE & KHPN | JetSpa",Ready for Build,/aircraft-ceramic-coating
Brightwork Polishing,"/aircraft-exterior-detailing, /aircraft-ceramic-coating, /de-ice-boot-refurbishment, /aircraft-detailing-teterboro, {{custom_values.quote_page_link}}",6,Service,"Aircraft brightwork polishing for leading edges, spinners, exhaust stacks, and polished aluminum. Aviation-grade compounds and technique across the Northeast.","aircraft brightwork polishing, aircraft leading edge polish, aircraft spinner polish, aircraft aluminum polish, private jet brightwork, exhaust stack polish, aircraft brightwork teterboro","Aircraft Brightwork Polishing | KTEB, KMMU, KABE & KHPN | JetSpa",Ready for Build,/brightwork-polishing
De-Ice Boot Refurbishment,"/aircraft-ceramic-coating, /brightwork-polishing, /turboprop-aircraft-detailing, /aircraft-exterior-detailing, {{custom_values.quote_page_link}}",7,Service,"Aircraft de-ice boot refurbishment using OEM-approved conditioners. Extend boot life and preserve safety equipment across KTEB, KMMU, KABE, and KHPN.","de-ice boot refurbishment, aircraft boot conditioning, de-ice boot service, aircraft de-ice boot dressing, boot preservative aircraft, king air boot refurbishment, aircraft boots teterboro","De-Ice Boot Refurbishment | KTEB, KMMU, KABE & KHPN | JetSpa",Ready for Build,/de-ice-boot-refurbishment
Aircraft Interior Detailing,"/aircraft-ceramic-coating, /aog-emergency-cleaning, /corporate-jet-detailing, /aircraft-detailing-teterboro, {{custom_values.quote_page_link}}",4,Service,"Full cabin restoration for private aircraft. Leather care, carpet extraction, headliner, lavatory, and galley detail with OEM-approved products.","aircraft interior detailing, private jet interior cleaning, aircraft cabin detailing, aircraft carpet extraction, aircraft leather conditioning, jet interior detail teterboro","Aircraft Interior Detailing at KTEB, KMMU, KABE & KHPN | JetSpa",Ready for Build,/aircraft-interior-detailing
Aircraft Exterior Detailing,"/aircraft-ceramic-coating, /brightwork-polishing, /corporate-jet-detailing, /aircraft-detailing-teterboro, {{custom_values.quote_page_link}}",5,Service,"Aircraft exterior detailing from trip cleans to full cut and polish. OEM-approved dry wash, decontamination, and paint correction across NJ and NY.","aircraft exterior detailing, aircraft dry wash, aircraft decontamination, aircraft polish, aircraft cut and polish, private jet exterior cleaning, aircraft exterior detailing teterboro","Aircraft Exterior Detailing at KTEB, KMMU, KABE & KHPN | JetSpa",Ready for Build,/aircraft-exterior-detailing
Turboprop Aircraft Detailing,"/de-ice-boot-refurbishment, /brightwork-polishing, /aircraft-ceramic-coating, /aircraft-detailing-teterboro, {{custom_values.quote_page_link}}",10,Service,"Turboprop detailing for King Air, TBM, PC-12, Caravan, and MU2. Spinner polish, boot refurbishment, ceramic coating across the Northeast.","turboprop detailing, king air detailing, tbm detailing, pc-12 detailing, caravan detailing, turboprop spinner polish, king air boot refurbishment, turboprop detailing new jersey","Turboprop Detailing at KTEB, KMMU, KABE & KHPN | JetSpa",Ready for Build,/turboprop-aircraft-detailing
Piston Aircraft Detailing,"/aircraft-ceramic-coating, /aircraft-interior-detailing, /aircraft-exterior-detailing, /aircraft-detailing-allentown, {{custom_values.quote_page_link}}",11,Service,"Piston aircraft detailing for Cessna, Cirrus, Piper, Beech, Mooney, and more. OEM-approved chemistry, ceramic coating, interior work across the Northeast.","piston aircraft detailing, cessna detailing, cirrus detailing, piper detailing, beech bonanza detailing, single engine detailing, twin engine piston detailing, piston aircraft ceramic coating","Piston Aircraft Detailing at KTEB, KMMU, KABE & KHPN | JetSpa",Ready for Build,/piston-aircraft-detailing
AOG Emergency Aircraft Cleaning,"/aircraft-interior-detailing, /aircraft-exterior-detailing, /corporate-jet-detailing, /aircraft-detailing-teterboro, {{custom_values.quote_page_link}}",8,Service,"24-hour AOG aircraft cleaning across the Northeast. Rapid response biohazard, spill, and interior cleanup for turnaround-critical situations.","aog aircraft cleaning, aog aircraft cleanup, emergency aircraft cleaning, aog biohazard cleaning, private jet aog service, aog interior cleanup northeast, aircraft cleaning teterboro",AOG Emergency Aircraft Cleaning | Northeast US | JetSpa,Ready for Build,/aog-emergency-cleaning
Corporate Jet Detailing,"/aircraft-ceramic-coating, /aircraft-interior-detailing, /aog-emergency-cleaning, /aircraft-detailing-teterboro, {{custom_values.quote_page_link}}",9,Service,"Corporate jet detailing from light jets to super-corporate and BBJ. OEM-approved chemistry, ADA-certified team, full insurance across the Northeast.","corporate jet detailing, business jet detailing, gulfstream detailing, challenger detailing, citation detailing, falcon detailing, corporate jet detailing teterboro, private jet detailing new jersey","Corporate Jet Detailing at KTEB, KMMU, KABE & KHPN | JetSpa",Ready for Build,/corporate-jet-detailing
Aircraft Detailing at Teterboro Airport (KTEB),"/aircraft-ceramic-coating, /aircraft-interior-detailing, /aircraft-exterior-detailing, /brightwork-polishing, /de-ice-boot-refurbishment, /aog-emergency-cleaning, /corporate-jet-detailing, {{custom_values.quote_page_link}}",12,Location,"Certified aircraft detailing at Teterboro Airport (KTEB). Badge access, OEM-approved chemistry, insured. Serving Signature, Meridian, Atlantic & Jet Aviation.","aircraft detailing teterboro, teterboro aircraft detailing, kteb aircraft detailing, private jet detailing teterboro, aircraft detailing signature teterboro, aircraft detailing meridian, teterboro jet detailing",Aircraft Detailing at Teterboro Airport (KTEB) | JetSpa,Ready for Build,/aircraft-detailing-teterboro
Aircraft Detailing at Lehigh Valley Airport (KABE),"/aircraft-ceramic-coating, /aircraft-interior-detailing, /aircraft-exterior-detailing, /brightwork-polishing, /de-ice-boot-refurbishment, /aog-emergency-cleaning, /turboprop-aircraft-detailing, /piston-aircraft-detailing, {{custom_values.quote_page_link}}",14,Location,"Certified aircraft detailing at Lehigh Valley International Airport (KABE). Badge access, fast response, OEM-approved chemistry. Serving Allentown and PA.","aircraft detailing allentown, aircraft detailing kabe, lehigh valley aircraft detailing, allentown airport aircraft detailing, private jet detailing pennsylvania, aircraft detailing eastern pa",Aircraft Detailing at Lehigh Valley Airport (KABE) | JetSpa,Ready for Build,/aircraft-detailing-allentown
Aircraft Detailing at Morristown Airport (KMMU),"/aircraft-ceramic-coating, /aircraft-interior-detailing, /aircraft-exterior-detailing, /brightwork-polishing, /de-ice-boot-refurbishment, /aog-emergency-cleaning, /corporate-jet-detailing, {{custom_values.quote_page_link}}",13,Location,"Certified aircraft detailing at Morristown Airport (KMMU). Badge access, OEM-approved chemistry, and $1.5M hangar liability. Serving the KMMU corridor.","aircraft detailing morristown, morristown aircraft detailing, kmmu aircraft detailing, private jet detailing morristown, aircraft detailing kmmu, morristown airport jet detailing",Aircraft Detailing at Morristown Airport (KMMU) | JetSpa,Ready for Build,/aircraft-detailing-morristown
Aircraft Detailing at White Plains Airport (KHPN),"/aircraft-ceramic-coating, /aircraft-interior-detailing, /aircraft-exterior-detailing, /brightwork-polishing, /de-ice-boot-refurbishment, /aog-emergency-cleaning, /corporate-jet-detailing, {{custom_values.quote_page_link}}",15,Location,"Certified aircraft detailing at Westchester County / White Plains Airport (KHPN). Badge access, OEM-approved chemistry, and insured for the corporate corridor.","aircraft detailing white plains, aircraft detailing khpn, westchester county airport aircraft detailing, private jet detailing white plains, hpn aircraft detailing, aircraft detailing westchester",Aircraft Detailing at White Plains Airport (KHPN) | JetSpa,Ready for Build,/aircraft-detailing-white-plains
Booking Confirmed,/booking,17,Conversion,Your aircraft detail appointment with JetSpa is confirmed. Preparation checklist and next steps for scheduled service.,"booking confirmed jetspa, aircraft detailing appointment confirmed, jetspa scheduled service",Appointment Confirmed | JetSpa,Ready for Build,/booking-confirmed
Privacy Policy,"/tos, /faqs",20,Legal,"JetSpa Privacy Policy. How we collect, use, and protect information from visitors to http://jetspa.co and customers of our aircraft detailing services.","jetspa privacy policy, aircraft detailing privacy policy, jetspa data policy",Privacy Policy | JetSpa,Ready for Build,/privacy-policy
Book Today,{{custom_values.quote_page_link}},16,Conversion,"Book aircraft detailing with JetSpa. Choose your aircraft class and pick a service window at Teterboro, Morristown, Allentown, or White Plains.","book aircraft detailing, book jet detailing, jetspa booking, aircraft detailing appointment, private jet detailing booking, book jet detail teterboro",Book Your Aircraft Detail | JetSpa,Ready for Build,/booking
Request a Quote,"/aircraft-detailing-teterboro, /aircraft-detailing-morristown, /aircraft-detailing-allentown, /aircraft-detailing-white-plains",18,Conversion,"Request a written quote from JetSpa for aircraft detailing at KTEB, KMMU, KABE, or KHPN. Scope, timeline, and price returned quickly.","request quote jetspa, aircraft detailing quote, private jet detailing quote, jetspa contact, aircraft detailing pricing request",Request a Quote | JetSpa Aircraft Detailing,Ready for Build,/get-quote
FAQs,"/aircraft-ceramic-coating, /aog-emergency-cleaning, /booking, {{custom_values.quote_page_link}}",19,Legal,"Answers to common questions about JetSpa aircraft detailing: scheduling, insurance, certifications, ceramic coating, AOG response, and coverage areas.","jetspa faqs, aircraft detailing questions, ceramic coating faq, aog aircraft cleaning questions, private jet detailing faqs, aircraft detailing insurance",Frequently Asked Questions | JetSpa Aircraft Detailing,Ready for Build,/faqs
Terms of Service,"/privacy-policy, /faqs",21,Legal,"JetSpa Terms of Service governing use of our website and aircraft detailing services. Quotes, booking, insurance, and liability terms.","jetspa terms of service, aircraft detailing terms, jetspa tos",Terms of Service | JetSpa,Ready for Build,/tos